name,id,popularity,release_date,hit_miss,duration,key,key_confidence,loudness,mode,mode_confidence,tempo,tempo_confidence,time_signature,time_signature_confidence,acousticness,danceability,energy,instrumentalness,liveness,speechiness,valence
Godiya Me Lela Sajanwa,7EmYbvA4draDbiCnfXCoQ3,0,2015,miss,265.29052,7,0.684,-3.751,0,0.523,149.928,0.142,4,1,0.381,0.587,0.996,0,0.351,0.293,0.411
Seeni Chakkara,04u1CP1XO2KB0ShSQ2AFRV,0,15/7/15,miss,122.22667,9,0.002,-9.435,0,0.211,159.808,0.162,3,0.99,0.0194,0.624,0.564,0,0.0761,0.0469,0.637
Kaise Jaun Maa,0fUAlDEiK4PrhHBJBEbaVx,0,9/2/15,miss,327.50585,1,0.18,-6.261,0,0.244,119.905,0.823,4,0.997,0.0359,0.651,0.674,1.02E-06,0.269,0.0405,0.784
Lifu Super,0mHToeH1xPk4YqUHnKfn2i,0,9/12/15,miss,209.47732,9,0.442,-5.233,0,0.397,97.984,0.45,4,1,0.0808,0.591,0.658,0,0.0537,0.158,0.711
Padiyirangunnu,0wc1KAmHvBWEC0Y4nHKgzU,1,15/9/15,miss,219.98989,5,0.64,-11.107,1,0.463,89.708,0.14,1,0.77,0.868,0.473,0.287,4.61E-05,0.0937,0.0292,0.144
Meri Marzi Teri Raza,0xyrJMCwXTS71kL1VRgqfs,2,9/3/15,miss,347.32707,10,0.618,-6.273,1,0.538,174.049,0.098,4,0.993,0.502,0.491,0.68,0,0.112,0.0406,0.47
"Mere Saiyaan (From ""Shareek"")",0yhKfA0UhrBxNeQwt3K9QH,5,30/9/15,miss,344,5,0.641,-2.465,1,0.584,75.029,0.397,4,0.948,0.118,0.609,0.922,0,0.0785,0.119,0.683
Thindaadi Poagiraen,11DiQWcf84IcHENF0OrPoz,17,16/12/15,miss,339.28667,1,0.542,-3.677,0,0.699,80.083,0.478,4,1,0.38,0.372,0.851,0,0.174,0.0667,0.574
Chukki Chukki,19wbduH8Vw704NrFnfwbZH,0,27/3/15,miss,299.54812,7,0.392,-6.516,0,0.494,95.047,0.74,4,0.996,0.477,0.738,0.904,0.00383,0.278,0.133,0.894
Inka Koncham Saeppu,1IQal4qYfaJqmiUbuLRbIe,12,12/6/15,miss,317.21333,0,0,-7.487,1,0.165,134.934,0.703,3,0.992,0.322,0.652,0.475,2.27E-05,0.126,0.0311,0.46
Cyberaagalam,1OtmIG5Q7thCSslNwtzinl,0,15/5/15,miss,235.84,3,0.62,-5.302,0,0.535,107.008,0.556,4,0.965,0.313,0.847,0.795,0,0.117,0.132,0.832
Maya Vanamo,1amgLe1vtBU3b9vijmMDp5,0,14/8/15,miss,298,0,0.581,-11.889,1,0.656,107.985,0.484,4,0.985,0.158,0.691,0.402,0.000191,0.104,0.0304,0.263
Maiya Marli Bhala,1cSQ16pP1zicyG9x9so80Y,0,9/3/15,miss,353.20163,7,0.613,-3.251,1,0.676,144.998,0.725,4,0.874,0.75,0.615,0.945,0,0.883,0.164,0.73
Pe Pe Dum Dum,22kZXkB4uy8tjuS7GbL3ow,0,22/9/15,miss,207.54286,1,0.624,-5.603,1,0.561,101,0.573,4,1,0.558,0.732,0.919,0.000166,0.0789,0.207,0.861
Rom Rom Romantic,2YZFzJZyIPYdHgPed95qIR,12,29/12/15,miss,270.29052,0,0.716,-3.029,1,0.621,181.363,0.647,3,1,0.549,0.737,0.847,0.000249,0.386,0.208,0.952
Ala Le Sukimaari,2tEFqDPoMWs5dJhsKSSs1W,0,18/12/15,miss,228.66381,9,0.694,-5.353,0,0.635,157.386,0.15,3,1,0.743,0.583,0.698,0,0.102,0.128,0.671
"Therikkudhu Masss Mix (From ""Masss"")",2vcZURRUsFvr9I1Q7BZMY2,2,26/5/15,miss,351.42857,8,0.169,-6.366,1,0.486,140.007,0.777,4,0.998,0.00119,0.672,0.788,0.465,0.144,0.0309,0.304
Singari Sokku Lady,31wyeDDMSD2lDsRBdyWLvl,4,7/6/15,miss,311.42853,10,0.365,-7.934,0,0.461,105.002,0.773,4,0.944,0.0588,0.829,0.765,2.33E-06,0.15,0.0896,0.391
Nannavala Haage,33VQ1kyz6eted120VSLz9g,0,11/4/15,miss,285.42857,7,0.246,-4.772,1,0.405,140.041,0.675,4,1,0.0381,0.754,0.733,1.13E-06,0.111,0.0596,0.434
Pehli Baar,39GcR1iJpR2RX629O0zuW5,35,2/5/15,miss,263.80952,9,0.571,-4.606,0,0.392,126.007,0.868,4,1,0.00147,0.734,0.738,0,0.113,0.0368,0.813
Hero,3IkVvGYF4IK7QJ8KBcdfVz,1,23/6/15,miss,266,11,1,-1.883,0,0.769,119.964,0.662,4,1,0.172,0.805,0.982,0,0.0525,0.0601,0.489
Yendi Sandali,3ajFoV0NuuwCYfmouTEqVh,0,20/8/15,miss,251.47211,7,0.56,-8.591,1,0.689,130.028,0.21,4,1,0.413,0.82,0.643,0,0.0613,0.0662,0.854
Uppittu Uppittu,4khGMylpWKWI9IhsNbdhu4,3,17/7/15,miss,239.46739,4,0.681,-8.402,1,0.277,81.997,0.431,4,1,0.344,0.865,0.817,0.000126,0.0484,0.187,0.835
The Theri Theme,5F6QjI9stjXP8yNzu60SEP,31,16/10/15,miss,112.40531,7,0.871,-7.407,1,0.642,150.062,0.604,4,1,0.00446,0.562,0.796,1.07E-06,0.149,0.0612,0.614
Sona Sona - Karaoke Version,5GygEHcklNUu8RpbvpS9hj,2,29/7/15,miss,270,0,0.46,-6.843,1,0.567,100.009,0.463,4,1,0.0232,0.833,0.605,0.046,0.138,0.0432,0.603
Girls Like To Swing,5JlZLXvZBEFD9u8OoJq6Yh,33,2/5/15,miss,243.16594,0,0.326,-3.005,1,0.41,125.026,0.792,4,0.904,0.0817,0.839,0.869,0,0.323,0.148,0.605
"Shoon Shaan (From ""Mukhtiar Chadha"")",5MY6S6hsEHFZVeczvqAMcZ,1,10/11/15,miss,175.48426,11,0.931,-4.5,0,0.53,127.993,0.611,4,0.924,0.115,0.825,0.841,0,0.182,0.036,0.759
Enna Kannu,5ODTlERowNyj4UUwk9MzN3,0,29/8/15,miss,277.14449,11,0.625,-6.514,0,0.626,124.968,0.804,4,0.974,0.123,0.708,0.783,1.19E-05,0.057,0.0439,0.36
Lajja Thi Laaje Nari - Version 2,5Ru8KaiGTpKvLwKUx5HhQX,0,20/6/15,miss,38.58286,11,0.477,-5.225,1,0.377,124.838,0.763,4,1,0.185,0.66,0.952,3.13E-06,0.114,0.171,0.256
Uttaman Introduction,5haRQNylV3QwUDBgmRzwik,11,1/3/15,miss,174.78667,7,0.985,-4.529,1,0.874,72.702,0.027,4,1,0.445,0.576,0.875,0,0.108,0.202,0.576
Prem Leela,6FTqvd2GAJp2msi9QmeUl3,23,10/10/15,miss,221.67306,9,0.389,-4.612,1,0.409,136.028,0.148,4,1,0.245,0.805,0.907,3.43E-05,0.144,0.0496,0.885
Idarkuthaane Aasaipattai,6KLptRb0rQnOP1ELrpJo8l,12,12/3/15,miss,241.04345,5,0.339,-3.808,1,0.355,115.098,0.113,4,0.994,0.432,0.551,0.615,0.000173,0.0796,0.0541,0.755
Jani Palte Jay Pt. 2,6MRxCzrFrSLvT9JDRTIbuB,0,10/3/15,miss,374.77878,4,0.541,-5.412,1,0.549,136.016,0.406,4,0.837,0.479,0.547,0.526,0.000221,0.0801,0.0301,0.272
Lolapeethambara,6goKqNKsQG054nCZg2HM2T,0,11/9/15,miss,67.17125,2,0.865,-9.695,0,0.633,149.773,0.049,4,1,0.77,0.646,0.384,7.58E-05,0.0928,0.0492,0.299
Vidhiye,76NNchd3uU17a2vz0lVamM,0,29/8/15,miss,299.11193,9,0.162,-8.39,1,0.348,125.091,0.335,4,0.856,0.518,0.531,0.472,1.04E-06,0.104,0.0364,0.271
Tu Milade,77XrLnudmmLrJtiYRZOuuf,16,20/7/15,miss,278.73061,11,0.655,-5.724,0,0.684,127.994,0.426,4,1,0.0716,0.593,0.825,0.000717,0.369,0.031,0.407
Dur Dur,7MnTwkdjrWbppgI9pT9hWV,10,10/1/15,miss,280,9,0.241,-6.002,1,0.438,134.805,0.516,1,0.079,0.661,0.534,0.518,1.25E-06,0.108,0.0299,0.32
Chalo Darshan Karne Chalo Runicha,7caQylcoX6Xt7omL7sqQqT,0,25/9/15,miss,447.64653,3,0,-4.691,0,0.031,80.04,0.304,4,0.986,0.239,0.578,0.715,0,0.101,0.0344,0.757
Vatta Vatta,7cf7J8vkTWiP2Rc6t7fOfc,0,20/6/15,miss,309.09333,4,0.2,-1.474,1,0.264,121.594,0.15,4,1,0.511,0.571,0.973,5.67E-05,0.0838,0.396,0.553
Sokkana Ponnu,7chD5jWRiBjaDgy1n5BM7u,9,7/6/15,miss,335.14281,5,0.572,-10.554,1,0.485,70.086,0.055,4,1,0.677,0.725,0.453,2.05E-06,0.115,0.103,0.617
Laksha Calorie,7jU0NqHxeWX3zGK2d4RK56,0,3/3/15,miss,325.66667,2,0.632,-5.042,0,0.429,106.032,0.842,4,1,0.161,0.83,0.634,0,0.0772,0.0355,0.813
Young Young Lounde Kharab Kar Gayee (Remix By Meaty Boyz),7m5HeiPuBwovKTn3VQmA4g,0,8/10/15,miss,230.15574,7,0.129,-5.982,1,0.423,134.035,0.807,4,1,0.1,0.691,0.832,0,0.649,0.304,0.628
Bhagya Ke Lekha,7np9qUtIQyriT8o0Bt96ud,0,9/6/15,miss,226.31696,11,0.509,-7.535,0,0.499,82.451,0.251,4,0.997,0.532,0.515,0.701,0,0.276,0.0518,0.839
Har Qash Mein,7r9wrXtzl1ddQGZlS51nhK,0,29/1/15,miss,260.79324,1,0.603,-5.447,1,0.703,117.974,0.859,4,1,0.0515,0.695,0.737,1.67E-06,0.0615,0.144,0.546
Urike Chilaka,7vXCMurf6WOKRGS9zjPhRj,0,23/8/15,miss,264.20349,2,0.29,-5.133,1,0.616,89.979,0.314,4,1,0.48,0.718,0.801,0,0.112,0.137,0.546
Exchange,43PuMrRfbyyuz4QpZ3oAwN,80,2/10/15,hit,194.61333,6,0.032,-10.598,1,0.506,160.14,0.316,4,0.357,0.108,0.53,0.433,0,0.135,0.185,0.274
Brown Noise - Loopable with No Fade,67iF3DdebmElASIGoebYt1,78,26/5/15,hit,73.88676,5,0.474,-15.776,1,0.509,0,0,0,0,0,0,2.01E-05,0,0,0,0
Die A Happy Man,5kNe7PE09d6Kvw5pAsx23n,77,1/1/15,hit,227.42667,2,0.356,-9.245,1,0.597,166.052,0.187,4,1,0.381,0.66,0.383,0,0.119,0.0304,0.381
Tennessee Whiskey,3fqwjXwUGN6vbzIwvyFMhx,78,4/5/15,hit,293.29333,9,0.387,-10.888,1,0.498,48.718,0.015,4,1,0.205,0.392,0.37,0.0096,0.0821,0.0298,0.512
The Night We Met,0QZ5yyl6B6utIWkxeBDxQN,76,7/4/15,hit,208.22667,2,0.611,-9.545,1,0.711,174.118,0.128,3,0.836,0.968,0.441,0.379,0.262,0.639,0.0449,0.105
Don't,3pXF1nA74528Edde4of9CC,78,2/10/15,hit,198.29333,11,0.414,-5.556,0,0.45,97.001,0.098,4,1,0.222,0.765,0.356,0,0.0963,0.196,0.19
The Less I Know The Better,6K4t31amVTZDgR3sKmwUJJ,83,17/7/15,hit,216.32,4,0,-4.083,1,0.217,116.879,0.976,4,0.988,0.0115,0.64,0.74,0.00678,0.167,0.0284,0.785
The Hills,7fBv7CLKzipRk6EC6TWHOB,82,28/8/15,hit,242.25333,0,0.79,-7.065,0,0.926,112.986,0.154,4,1,0.0671,0.58,0.565,0,0.135,0.0488,0.138
Idfc,6y6jbcPG4Yn3Du4moXaenr,79,14/2/15,hit,245.17243,1,0.694,-8.755,0,0.742,144.871,0.282,4,0.847,0.611,0.63,0.5,4.04E-05,0.114,0.0611,0.315
Stressed Out,3CRDbSIZ4r5MsZ0YwxuEkn,84,15/5/15,hit,202.33333,4,0,-5.677,0,0.041,169.977,0.207,4,1,0.0462,0.734,0.637,2.29E-05,0.0602,0.141,0.648
Ride,2Z8WuEywRWYTKe1NybPQEW,83,15/5/15,hit,214.50667,6,0.306,-5.355,1,0.509,74.989,0.033,4,0.98,0.00835,0.645,0.713,0,0.113,0.0393,0.566
Scars To Your Beautiful,0prNGof3XqfTvNDxHonvdK,75,13/11/15,hit,230.22667,0,0.322,-5.74,1,0.411,97.085,0.001,4,1,0.0285,0.573,0.739,0,0.111,0.129,0.451
Weekend (feat. Miguel),6GnhWMhgJb7uyiiPEiEkDA,76,18/9/15,hit,208.08,8,0.225,-8.442,1,0.374,120.058,0.169,4,0.995,0.47,0.843,0.435,0,0.147,0.178,0.19
Centuries,04aAxqtGp5pv12UXAg4pkq,80,20/1/15,hit,228.36,4,0.309,-2.817,0,0.378,176.014,0.286,4,0.995,0.004,0.385,0.866,0,0.111,0.0697,0.551
oui,0PJIbOdMs3bd5AT8liULMQ,75,4/12/15,hit,238.32,5,0.594,-3.825,1,0.466,119.749,0.083,4,0.972,0.192,0.715,0.703,0,0.113,0.0503,0.596
Do I Make You Wanna,3I7krC8kr0gFR7P6vInR1I,73,2/6/15,hit,234.30612,9,0.498,-5.423,1,0.546,89.953,0.327,4,0.838,0.122,0.549,0.751,0,0.208,0.0299,0.493
Antidote,1wHZx0LgzFHyeIZkUydNXq,77,4/9/15,hit,262.69333,1,0.199,-5.046,1,0.458,131.05,0.789,4,1,0.00767,0.713,0.526,0.000148,0.124,0.032,0.131
Come Get Her,1Ser4X0TKttOvo8bgdytTP,76,6/1/15,hit,212.94667,2,0.386,-6.214,1,0.385,185.056,0.188,4,0.809,0.184,0.687,0.563,0,0.0681,0.163,0.112
Unsteady,7lGKEWMXVWWTt3X71Bv44I,77,30/6/15,hit,193.54667,0,0.062,-6.169,1,0.34,117.055,0.114,4,1,0.178,0.389,0.665,0.000732,0.116,0.0644,0.199
FourFiveSeconds,78TTtXnFQPzwqlbtbwqN0y,80,24/1/15,hit,188.238,2,0.494,-5.668,1,0.628,205.888,0.32,4,0.947,0.878,0.576,0.267,0,0.119,0.044,0.326
Kill Yourself (Part III),5XAPpyIoYF3QXP34Hv8Pvx,77,21/9/15,hit,145.07828,5,0.541,-7.092,0,0.487,105.977,0.39,4,0.804,0.324,0.753,0.679,4.21E-05,0.423,0.0349,0.19
Electric Love,2GiJYvgVaD2HtM8GqD9EgQ,75,16/10/15,hit,218.10667,6,0,-7.627,0,0.224,120.041,0.488,4,1,0.00543,0.611,0.797,0.00137,0.26,0.0533,0.518
Love Yourself,50kpGaPAhYJ3sGmk6vplg0,83,13/11/15,hit,233.72,4,0.63,-9.954,1,0.712,102.541,0.349,4,0.894,0.856,0.607,0.376,0,0.285,0.453,0.545
See You Again (feat. Charlie Puth),2JzZzZUQj3Qff7wapcbKjc,80,2015,hit,229.52576,10,0.224,-7.503,1,0.33,80.025,0.341,4,0.123,0.369,0.689,0.481,1.03E-06,0.0649,0.0815,0.283
Uptown Funk,32OlwWuMpZ6b0aN2RZOeMS,81,12/1/15,hit,269.66667,0,0.605,-7.223,1,0.453,114.988,0.743,4,1,0.00801,0.856,0.609,8.15E-05,0.0344,0.0824,0.928
Like I'm Gonna Lose You,2YlZnw2ikdb837oKMKjBkW,80,9/1/15,hit,225.05333,0,0.217,-7.259,1,0.494,108.038,0.247,3,0.98,0.4,0.63,0.53,0,0.177,0.0434,0.417
Jumpman,27GmP9AWRs744SzKcpJsTZ,76,20/9/15,hit,205.87918,1,0.762,-7.286,1,0.655,142.072,0.552,4,1,0.0563,0.852,0.553,0,0.332,0.187,0.656
Trap Queen,2d8JP84HNLKhmd6IYOoupQ,74,25/9/15,hit,222.09333,7,0.105,-3.803,1,0.369,148.075,0.429,4,0.975,0.0244,0.746,0.873,0,0.354,0.128,0.817
I Don't Fuck With You,7FYH5AW3bVfZHJIQpq3UOA,76,24/2/15,hit,284.38667,1,0.522,-5.48,1,0.29,97.998,0.394,4,0.917,0.0372,0.822,0.734,0,0.325,0.0738,0.425
Sugar,2iuZJX9X9P0GKaE93xcPjk,80,15/5/15,hit,235.49333,1,0.45,-7.055,1,0.605,120.076,0.797,4,1,0.0591,0.748,0.788,0,0.0863,0.0334,0.884
Stone Cold,56twMOlq9DJc3EgpVUVIrW,79,1/1/15,hit,191.30794,8,0.394,-7.543,1,0.625,139.321,0.078,3,1,0.475,0.412,0.472,0,0.0974,0.0476,0.327
Impatient,3WjyiSbfR74pjWXQ3IaFKJ,75,4/12/15,hit,245.52,5,0.343,-5.963,0,0.402,89.546,0.016,4,1,0.124,0.802,0.412,0,0.103,0.0478,0.394
Can't Feel My Face,22VdIZQfgXJea34mQxlt81,79,28/8/15,hit,213.52,9,0.796,-5.526,0,0.622,107.939,0.738,4,1,0.112,0.705,0.769,0,0.105,0.0426,0.59
"Me, Myself & I",40YcuQysJ0KlGQTeGUosTC,78,4/12/15,hit,251.46667,0,0.778,-6.524,0,0.703,111.996,0.76,4,0.963,0.0186,0.757,0.672,0,0.158,0.0955,0.382
679 (feat. Remy Boyz),5NQbUaeTEOGdD6hHcre0dZ,75,29/6/15,hit,196.69333,7,0.333,-5.738,1,0.616,190.05,0.096,4,1,0.00256,0.618,0.717,0,0.625,0.318,0.603
Gasoline,2IO7yf562c1zLzpanal1DT,76,28/8/15,hit,199.59342,10,0.561,-7.328,0,0.587,119.997,0.479,4,1,0.223,0.731,0.58,0,0.129,0.0399,0.319
L$D,4S7YHmlWwfwArgd8LfSPud,75,26/5/15,hit,238.30667,2,0.833,-15.086,1,0.743,120.06,0.351,4,1,0.193,0.598,0.252,0.138,0.0992,0.0647,0.0352
Lay Me Down,64GRDrL1efgXclrhVCeuA0,78,6/11/15,hit,219.53578,4,0.51,-11.138,1,0.642,125.319,0.121,4,0.939,0.919,0.468,0.19,0,0.107,0.0373,0.326
My House,6Knv6wdA0luoMUuuoYi2i1,77,7/4/15,hit,192.19057,7,0.209,-4.792,0,0.388,94.006,0.428,4,1,0.0215,0.688,0.702,0,0.128,0.0499,0.74
Stitches,5jsw9uXEGuKyJzs0boZ1bT,75,14/4/15,hit,206.88,1,0.221,-6.681,1,0.391,149.882,0.093,4,1,0.0152,0.746,0.754,0,0.0486,0.067,0.764
Parachute,5jROdl6MhcmP3O7h2sVgtw,73,4/5/15,hit,253.2,6,0.517,-7.411,1,0.604,113.038,0.94,4,0.991,0.00967,0.642,0.762,5.72E-05,0.182,0.0296,0.605
Lost Boy,4h0zU3O9R5xzuTmNO7dNDU,78,21/8/15,hit,275.28,7,0.559,-15.099,1,0.61,123.994,0.323,4,1,0.965,0.71,0.0565,0,0.0889,0.0534,0.348
I'm Comin' Over,0H04yVa3DJxoXbLBpAb7iV,71,13/11/15,hit,197.28,10,0.411,-3.838,1,0.487,127.997,0.832,4,0.962,0.0282,0.575,0.845,0,0.0814,0.035,0.376
Right My Wrongs,5rgrBsAFYMun6yhtnLKRPz,73,2/10/15,hit,249.32,1,0.487,-8.078,1,0.54,132.639,0.275,4,0.933,0.344,0.538,0.449,0,0.157,0.0463,0.27
Often,4PhsKqMdgMEUSstTDAmMpg,76,28/8/15,hit,249.04,7,0.434,-9.837,0,0.478,134.035,0.292,4,0.996,0.218,0.569,0.629,0,0.135,0.0485,0.0726
No Flockin,34oWbFBfGEElvgO0a5c9V4,71,13/11/15,hit,165.29066,5,0.503,-8.372,0,0.643,117.532,0.75,4,0.409,0.0673,0.943,0.595,0,0.0839,0.191,0.815
Paris,4irYeuAi87yyGHcI4h9s0x,75,20/11/15,hit,111.02018,7,0.388,-6.188,1,0.453,106.075,0.777,4,0.872,0.0725,0.849,0.648,0.00592,0.0984,0.0832,0.196
Bitch Better Have My Money,0NTMtAO2BV4tnGvw9EgBVq,77,26/3/15,hit,219.30594,10,0.153,-4.97,0,0.508,102.95,0.238,4,1,0.0538,0.778,0.741,2.04E-06,0.29,0.0484,0.364
Budapest,7q0aQpiLv5tIsupcgQ3Ny4,70,20/1/15,hit,200.73333,5,0.4,-8.303,1,0.504,127.81,0.777,4,1,0.0846,0.717,0.455,0,0.11,0.0276,0.389
Chandelier,2s1sdSqGcKxpPr5lCl7jAV,72,1/5/15,hit,216.12,1,0.558,-2.88,1,0.67,117.089,0.167,5,0.5,0.0197,0.399,0.787,6.07E-05,0.0685,0.0499,0.572
These Days,5tsI3xxDHDgzHhn30LTQNz,72,30/10/15,hit,268.56558,2,0.988,-11.158,1,0.78,129.937,0.167,4,0.796,0.533,0.815,0.364,3.52E-05,0.108,0.375,0.328
Sorry,09CtPGIpYB4BrO8qb1RGsF,81,13/11/15,hit,200.78667,0,0.651,-3.724,0,0.654,100.209,0.602,4,1,0.0865,0.605,0.768,0,0.308,0.0476,0.414
King Kunta,0N3W5peJUQtI4eyR6GJT5O,75,16/3/15,hit,234.69333,6,0,-4.569,0,0.122,107.059,0.892,4,1,0.00589,0.884,0.657,0,0.154,0.0977,0.489
No Type,4scpF6J5uMBvoh6sFB7EL1,75,6/1/15,hit,200.08,6,0.231,-7.797,1,0.33,125.008,0.653,4,0.995,0.013,0.888,0.483,4.85E-06,0.0926,0.154,0.226
Slow Motion,4NYwy0R3NdvORX2B6OZXBT,72,23/6/15,hit,197.85438,7,0,-7.834,0,0,94.947,0.231,4,1,0.679,0.733,0.408,3.92E-05,0.11,0.0388,0.291
Confident,0Mn3amMRMoabaoTf1Publ4,76,1/1/15,hit,205.7458,10,0.422,-6.197,0,0.461,130.018,0.393,4,0.995,0.00182,0.606,0.763,0.000159,0.116,0.0669,0.309
Planez,08zJpaUQVi9FrKv2e32Bah,72,4/12/15,hit,240.32,1,0,-7.762,1,0.334,129.285,0.336,4,1,0.674,0.65,0.557,0,0.11,0.312,0.4
Lean On,5wldXGLEOoRXxMWJ8rIUWE,73,1/6/15,hit,176.56113,7,0.697,-3.081,0,0.659,98.007,0.195,4,1,0.00346,0.723,0.809,0.00123,0.565,0.0625,0.274
Please Don't Go,3cNjgVBKTJ1SvKhunrCdVy,78,6/11/15,hit,210.58036,4,0.579,-4.868,0,0.515,84.264,0,4,0.986,0.0118,0.513,0.768,1.94E-05,0.294,0.0587,0.235
All My Friends (feat. Tinashe & Chance the Rapper),6TaqooOXAEcijL6G1AWS2K,75,21/10/15,hit,229.74667,0,0.358,-5.845,1,0.495,95.055,0.365,4,1,0.119,0.689,0.521,8.41E-05,0.108,0.132,0.178
Faded,7gHs73wELdeycvS48JfIos,79,4/12/15,hit,212.62667,6,0.624,-5.097,1,0.833,90.011,0.094,4,0.952,0.0291,0.589,0.651,3.20E-06,0.111,0.0306,0.166
R.I.C.O. (feat. Drake),0Y0TOsE1q11qgbi7c5WZsG,72,29/6/15,hit,197.13333,1,0.21,-6.941,1,0.326,167.909,0.054,3,0.797,0.317,0.727,0.599,0,0.219,0.327,0.386
Drama (feat. Drake),0PXp9QxBfSKGGpWUNaws2X,71,31/7/15,hit,251.85964,11,0.355,-9.814,1,0.533,122.043,0.284,4,1,0.157,0.709,0.362,0,0.109,0.055,0.113
Alright,3iVcZ5G6tvkXZkZKlMpIUs,73,16/3/15,hit,219.33333,7,0.774,-5.974,1,0.488,110.034,0.765,4,0.735,0.0742,0.796,0.766,0,0.0827,0.238,0.558
Tear in My Heart,3bnVBN67NBEzedqQuWrpP4,75,15/5/15,hit,188.49333,2,0.341,-4.802,1,0.542,120.113,0.713,4,0.688,0.0189,0.655,0.632,0,0.0722,0.0489,0.447
River,0NeJjNlprGfZpeX2LQuN6c,74,15/6/15,hit,238.56,8,0.613,-10.866,1,0.571,128.128,0.489,4,0.969,0.689,0.658,0.179,0,0.17,0.0448,0.191
Molly (feat. Brendon Urie of Panic at the Disco),0NBiC3zLXoBQXBjsbnbwJq,71,31/7/15,hit,244.33991,7,0.688,-6.695,1,0.674,114.94,0.322,4,1,0.203,0.831,0.514,0.000156,0.115,0.0368,0.397
Record Year,5fSPbm5lcwtqwXkeQQswW8,70,11/11/15,hit,179.34667,5,0.645,-8.12,1,0.601,160.031,0.029,4,1,0.205,0.589,0.641,0,0.0864,0.0838,0.57
Sunset Lover,0hNduWmlWmEmuwEFcYvRu1,81,2015,hit,237.79265,6,0.623,-9.474,1,0.64,90.838,0.351,4,1,0.729,0.783,0.467,0.809,0.109,0.0503,0.236
Complicated,0jllH0usRFD4LJkJnGK9Lf,76,9/8/15,hit,189,7,1,-12.044,1,0.88,74.99,0.151,4,1,0.694,0.657,0.355,0.000427,0.123,0.0714,0.0808
The Sound Of Silence,1Cj2vqUwlJVG27gJrun92y,75,21/8/15,hit,248.46667,6,0.193,-9.367,0,0.453,85.794,0.012,4,0.707,0.468,0.322,0.28,1.10E-06,0.102,0.0281,0.175
Rise Up,0tV8pOpiNsKqUys0ilUcXz,76,28/8/15,hit,253.34227,1,0.545,-7.031,1,0.597,118.582,0.013,4,0.898,0.805,0.398,0.316,0,0.295,0.0368,0.174
Sunday Candy,6fTdcGsjxlAD9PSkoPaLMX,70,30/6/15,hit,226.01374,0,0.573,-6.56,1,0.585,158.063,0.061,4,1,0.53,0.511,0.596,0,0.0798,0.224,0.554
Do It Again,72Bz4ciRZPBcVSw0nrZDHi,76,4/5/15,hit,207.74612,8,0.313,-6.543,1,0.402,95.979,0.022,4,1,0.0299,0.714,0.559,0,0.088,0.0515,0.411
Let It Happen,2X485T9Z5Ly0xyaghN73ed,75,17/7/15,hit,467.58667,1,0.339,-5.875,0,0.486,125.012,0.838,4,0.975,0.00462,0.602,0.881,0.0266,0.111,0.0443,0.577
This Could Be Us,4jTiyLlOJVJj3mCr7yfPQD,72,6/1/15,hit,206.30667,5,0.371,-5.06,0,0.439,142.992,0.22,4,0.891,0.275,0.718,0.692,0,0.118,0.148,0.721
Wish I Knew You,2EWpa5XnAuSn0sIkSSIhYk,71,15/7/15,hit,274.09333,0,0.715,-6.516,0,0.685,101.05,0.463,4,1,0.13,0.651,0.716,0.0616,0.125,0.0258,0.722
Where Are Ü Now (with Justin Bieber),66hayvUbTotekKU3H4ta1f,77,24/2/15,hit,250.28571,4,0.346,-4.038,0,0.383,139.432,0.708,4,0.807,0.041,0.432,0.781,4.21E-06,0.0789,0.0567,0.197
Roses,3vv9phIu6Y1vX3jcqaGz5Z,74,16/6/15,hit,226.73882,4,0.389,-7.055,1,0.517,100.001,0.212,4,1,0.0435,0.713,0.802,0.00377,0.309,0.0561,0.343
Back To Back,5lFDtgWsjRJu8fPOAyJIAK,71,31/7/15,hit,170.63778,8,0.528,-3.869,0,0.472,174.008,0.062,4,1,0.00898,0.635,0.472,0,0.117,0.511,0.373
Immortals,3Te8uLyit6X3ncNW8Fp3K2,74,20/1/15,hit,189.38667,2,0.406,-3.594,1,0.496,108.038,0.801,4,1,0.00139,0.613,0.874,1.82E-06,0.656,0.0697,0.543
Jungle,7JXZq0JgG2zTrSOAgY8VMC,71,12/2/15,hit,320.4,7,0.386,-8.724,1,0.532,195.092,0.018,4,1,0.614,0.508,0.234,0.000163,0.111,0.109,0.392
Trouble,5n0CTysih20NYdT2S0Wpe8,72,18/12/15,hit,225.97333,0,0.19,-5.655,1,0.376,77.861,0.296,4,0.996,0.392,0.47,0.623,0.000453,0.0992,0.0302,0.298
Waiting For Love,2P4OICZRVAQcYAV2JReRfj,80,2/10/15,hit,230.61333,6,0.55,-3.863,0,0.707,127.999,0.718,4,0.987,0.31,0.579,0.736,0,0.198,0.0527,0.613
Alexander Hamilton,4TTV7EcfroSLWzXRY6gLv6,71,25/9/15,hit,236.73769,11,0.552,-7.862,0,0.711,131.998,0.305,4,0.995,0.524,0.609,0.435,0,0.118,0.284,0.563
90210 (feat. Kacy Hill),51EC3I1nQXpec4gDk0mQyP,71,4/9/15,hit,339.06667,9,0.239,-6.741,0,0.295,81.404,0.093,4,0.955,0.113,0.402,0.526,8.33E-06,0.105,0.0904,0.312
Maps,4gbVRS8gloEluzf0GzDOFc,76,15/5/15,hit,189.96,1,0.651,-5.522,0,0.692,120.032,0.845,4,0.984,0.0205,0.742,0.713,0,0.059,0.0303,0.879
Everyday,2N3U8uTYhjX2KwGT0pf5x0,75,26/5/15,hit,260.98667,4,0,-8.684,1,0.237,149.822,0.09,4,0.7,0.0101,0.394,0.661,0,0.343,0.193,0.335
Some Kind Of Drug,1Bqxj0aH5KewYHKUg1IdrF,71,4/12/15,hit,222.46667,0,0.31,-8.968,1,0.434,126.51,0.035,4,0.96,0.0705,0.586,0.525,0,0.0729,0.498,0.491
Renegades,0fYVliAYKHuPmECRs1pbRf,75,30/6/15,hit,195.2,2,0.295,-6.003,1,0.552,90.052,0.214,4,1,0.0144,0.526,0.862,0.0597,0.229,0.0905,0.528
What Do You Mean?,4B0JvthVoAAuygILe3n4Bs,78,13/11/15,hit,205.68,5,0.264,-8.273,0,0.438,125.034,0.883,4,1,0.61,0.837,0.571,0.000898,0.0849,0.0922,0.801
Don't Tell 'Em,0Dc7J9VPV4eOInoxUiZrsL,73,4/12/15,hit,266.84,2,0.302,-5.221,0,0.584,97.988,0.091,4,1,0.421,0.851,0.525,0,0.111,0.0874,0.405
$ave Dat Money (feat. Fetty Wap & Rich Homie Quan),6AoYWCzsDls6c61Zp5qTuU,71,31/7/15,hit,290.83569,2,0.639,-5.361,1,0.345,98.012,0.399,4,1,0.114,0.858,0.697,0,0.224,0.23,0.364
Norf Norf,4uQ7wYsuL0DryknoDc11Hk,70,30/6/15,hit,183.15946,7,0.013,-6.578,1,0.317,100.039,0.219,4,1,0.445,0.915,0.54,3.63E-05,0.11,0.0661,0.111
Acquainted,7uJH0YdSZL6psjxI6Xy08b,72,28/8/15,hit,348.85333,7,0.353,-9.838,0,0.519,101.097,0.468,4,0.949,0.484,0.372,0.477,0,0.0844,0.0497,0.254
Runnin' Thru The 7th With My Woadies,70nmZhHZLNVYWP4NON41Zw,71,1/9/15,hit,205.7663,8,0,-7.244,0,0.032,112.027,0.395,4,1,0.067,0.526,0.62,0.000241,0.139,0.281,0.187
Black Magic,5y6pj7OeBFF0CVgZKhRbOG,78,6/11/15,hit,211.77333,4,0.197,-4.464,1,0.225,111.987,0.859,4,1,0.0348,0.777,0.895,0,0.317,0.0618,0.826
Daddy Issues,5E30LdtzQTGqRvNd7l6kG5,75,30/10/15,hit,260.17333,10,0.114,-9.461,1,0.249,85.012,0.541,4,0.997,0.0678,0.588,0.521,0.149,0.123,0.0329,0.337
Legend,1ID1QFSNNxi0hiZCNcwjUC,71,12/2/15,hit,241.85333,1,0.329,-7.605,1,0.413,100.076,0.356,4,0.998,0.024,0.715,0.561,0,0.0769,0.0721,0.297
Earned It (Fifty Shades Of Grey),4frLb7nWtsz2ymBE6k2GRP,70,28/8/15,hit,277.68,2,0.368,-8.275,0,0.456,119.839,0.234,3,1,0.408,0.647,0.291,0,0.0771,0.0363,0.4
Energy,79XrkTOfV1AqySNjVlygpW,72,12/2/15,hit,181.93333,11,0.588,-8.038,1,0.563,172.056,0.335,4,1,0.329,0.743,0.571,0,0.522,0.505,0.571
Paralyzed,5DHQKZCOZhGNTbYBCekWx0,73,31/3/15,hit,270.45333,0,0.513,-6.617,1,0.589,129.965,0.324,4,1,0.241,0.507,0.635,4.82E-06,0.102,0.0458,0.0496
Runaway (U & I),46lFttIf5hnUZMGvjK0Wxo,75,5/6/15,hit,227.07374,1,0.519,-4.119,1,0.674,126.008,0.7,4,0.947,0.00711,0.506,0.805,0.00193,0.0856,0.0469,0.383
My Shot,4cxvludVmQxryrnx1m9FqL,70,25/9/15,hit,333.15415,8,0.242,-6.764,1,0.44,90.936,0,4,1,0.15,0.829,0.649,0,0.0904,0.317,0.569
Uma Thurman,5PUawWFG1oIS2NwEcyHaCr,71,20/1/15,hit,211.57333,4,0.311,-2.608,0,0.417,149.958,0.571,4,1,0.119,0.623,0.956,0.000227,0.617,0.0753,0.739
Fire Away,5j4hSQH0KaAc8f6cimnXIT,69,4/5/15,miss,244.33333,9,0.619,-9.066,1,0.633,116.123,0.406,3,1,0.055,0.559,0.301,0.00979,0.101,0.0297,0.177
All Eyes on You (feat. Chris Brown & Nicki Minaj),0hy1SOTEn9ifXTzOwnCwEr,72,29/6/15,hit,223.97333,11,0.516,-5.288,0,0.538,77.521,0.254,4,1,0.0242,0.589,0.658,0,0.118,0.203,0.251
This Is Home,2TI2fw9FWPeah6N4k1b4NU,70,3/8/15,hit,226.07342,7,0.271,-12.478,1,0.415,130.041,0.52,4,1,0.56,0.81,0.266,1.05E-06,0.0962,0.0407,0.212
Ayo,0k6DnZMLoEUH8NGD5zh2SE,75,24/2/15,hit,225.22667,6,0.597,-5.095,1,0.557,98.031,0.348,4,1,0.0399,0.823,0.563,0,0.0851,0.0443,0.682
F*ck Up Some Commas,49zD0wr2S3d0lZPib0K4e1,70,17/7/15,hit,237.4,11,1,-5.896,0,0.752,139.995,0.491,4,1,0.0698,0.874,0.568,1.38E-05,0.149,0.224,0.46
Jealous - Remix,5NQJnRpJHRaupdegphntQT,72,20/11/15,hit,222.18667,11,0.535,-3.614,0,0.66,93.007,0.43,4,0.991,0.0132,0.684,0.71,0,0.444,0.0779,0.451
Animals,2bL2gyO6kBdLkNSkxXNh6x,74,15/5/15,hit,231.01333,4,0.414,-6.46,0,0.412,189.868,0.175,4,0.969,0.000185,0.279,0.742,0,0.593,0.0898,0.328
Heavydirtysoul,7i9763l5SSfOnqZ35VOcfy,74,15/5/15,hit,234.81333,7,0,-6.376,0,0.105,129.989,0.765,4,0.977,0.00397,0.613,0.873,0.00111,0.367,0.0449,0.392
Colors,1TnUURhehaoMWKAqQtirm6,72,28/8/15,hit,249.49973,1,0.555,-4.809,1,0.618,100.02,0.767,4,0.957,0.0534,0.512,0.812,0,0.092,0.0617,0.521
Want to Want Me,7oGZAicScQt96OAW4AruYy,77,29/5/15,hit,207.71937,0,0.198,-5.508,0,0.38,114.025,0.975,4,1,0.00906,0.775,0.68,0,0.109,0.0629,0.656
Streetcar,7Cu2COdH93MnuireuKNiS3,70,12/11/15,hit,246.97229,3,0.187,-11.796,1,0.413,109.651,0.14,3,0.602,0.721,0.41,0.298,0,0.158,0.0473,0.142
Light It Up - Remix,0TQ1FvC8TJ09iibSfwRP81,70,27/11/15,hit,166.13823,9,0.414,-3.782,0,0.423,107.991,0.72,4,1,0.0375,0.747,0.877,0.000833,0.233,0.0664,0.752
Drag Me Down,2K87XMYnUMqLcX3zvtAF4G,76,13/11/15,hit,192.12,0,0.287,-5.672,0,0.408,138.113,0.764,4,1,0.109,0.73,0.703,0,0.0657,0.0369,0.595
Love You Like That,2QVzUws1l5mzZ4v46tGHrC,67,23/6/15,miss,203.05279,11,0.491,-5.056,1,0.58,145.129,0.244,4,1,0.0127,0.561,0.756,8.34E-05,0.233,0.0287,0.702
Worth It,41Fflg7qHiVOD6dEPvsCzO,76,30/1/15,hit,224.57333,8,0.369,-3.865,1,0.439,99.987,0.455,4,1,0.063,0.884,0.765,7.04E-06,0.118,0.0882,0.594
Make It To Me,2uCMaUojwuqr8CRGsLoPa6,73,6/11/15,hit,162.73243,1,0.619,-8.573,1,0.635,149.967,0.034,4,1,0.63,0.456,0.379,3.10E-06,0.0983,0.0685,0.225
I Found,5zT5cMnMKoyruPj13TQXGx,72,17/4/15,hit,273,7,0.616,-12.485,0,0.654,124.956,0.093,4,0.708,0.862,0.389,0.302,0.00567,0.104,0.0438,0.234
Free Animal,5l8oNQsDDPNFUIV5M4lzRJ,70,17/11/15,hit,180.4,5,0.379,-7.151,0,0.479,80.001,0.738,4,0.24,0.0856,0.579,0.584,0,0.0958,0.0438,0.393
"New Person, Same Old Mistakes",52ojopYMUzeNcudsoz7O9D,71,17/7/15,hit,363.24,8,0,-6.74,1,0.185,151.836,0.579,4,1,0.272,0.47,0.809,0.00671,0.0491,0.0495,0.49
Ex's & Oh's,70eDxAyAraNTiD6lx2ZEnH,73,13/2/15,hit,202.17333,7,0.61,-2.879,1,0.575,139.986,0.878,4,0.989,0.0183,0.612,0.921,0,0.0576,0.0848,0.453
Weak When Ur Around,3UWkbO4emEOu9YUeOGq3vU,70,2/6/15,hit,169.5,3,0,-12.887,0,0.248,94.977,0.599,4,1,0.678,0.769,0.323,0,0.116,0.0524,0.574
How Deep Is Your Love,22mek4IiqubGD9ctzxc69s,78,17/7/15,hit,212.64,11,0.151,-4.373,0,0.496,122.003,0.835,4,1,0.0389,0.738,0.868,0.00171,0.388,0.0731,0.336
Hymn for the Weekend,3RiPr603aXAoi4GHyXx0uy,78,4/12/15,hit,258.82667,0,0.609,-5.155,0,0.684,89.974,0.093,4,0.984,0.255,0.49,0.743,7.21E-06,0.3,0.0409,0.363
The Judge,1lguQJjlNrIOoOylYVZN3M,72,15/5/15,hit,297.76,0,0.555,-4.659,1,0.723,82.617,0.276,4,1,0.177,0.423,0.797,0,0.137,0.124,0.592
Superficial Love,5hwh37sTi84MVhCBMWzhGE,71,27/11/15,hit,207.97333,8,0.161,-9.162,1,0.418,43.509,0,4,0.865,0.928,0.477,0.242,0,0.0818,0.0529,0.488
Lane Boy,2P61EK6DMGyVyssLWS4fKy,73,15/5/15,hit,253.09333,7,0.554,-4.804,1,0.492,159.929,0.43,4,1,0.0573,0.616,0.811,1.57E-05,0.0566,0.0626,0.913
Old Thing Back (feat. Ja Rule and Ralph Tresvant),6HTJZ0TQJVMSKkUGzAOe2h,72,17/2/15,hit,321.64948,0,0.275,-3.067,1,0.468,97.033,0.375,4,1,0.194,0.805,0.858,7.89E-06,0.256,0.105,0.523
In The Night,25KybV9BOUlvcnv7nN3Pyo,71,28/8/15,hit,235.65333,7,0.357,-4.99,1,0.56,168.021,0.113,3,0.519,0.0796,0.505,0.68,0,0.0465,0.0713,0.539
Perfect,3NLnwwAQbbFKcEcV8hDItk,73,13/11/15,hit,230.33333,2,0.189,-5.231,1,0.507,99.933,0.237,4,0.995,0.0598,0.647,0.823,0,0.119,0.0762,0.396
Trust In You,4908mwb34dqgcaxHeFjitw,67,14/4/15,miss,211.6,9,0.468,-5.437,1,0.634,176.015,0.302,4,0.609,0.0173,0.423,0.645,0,0.106,0.0429,0.223
History,0HMjXBAZmSYOTTi33WpMso,74,13/11/15,hit,187.42667,11,0.459,-4.421,1,0.447,86.704,0.357,4,1,0.0352,0.655,0.699,0,0.064,0.0493,0.802
Castle,16w8ZGVSjI4TlTLV8VimBY,70,28/8/15,hit,277.62304,7,1,-7.461,0,0.788,129.959,0.714,4,0.997,0.25,0.626,0.571,0,0.0946,0.0327,0.164
Cool for the Summer,2zFF6jG5hQArbzcXz3KUWk,72,1/1/15,hit,214.73964,5,0,-5.587,0,0.156,114.075,0.426,4,0.654,0.00506,0.584,0.614,9.70E-05,0.0802,0.0363,0.28
Adventure of a Lifetime,69uxyAqqPIsUyTO8txoP2M,76,4/12/15,hit,263.78667,7,0.345,-3.887,1,0.577,111.995,0.923,4,1,0.00205,0.638,0.924,0.000173,0.149,0.0359,0.529
"Flashlight (Sweet Life Mix) - From ""Pitch Perfect 2"" Soundtrack",6W5RmgWh46p9RQ4LDezHKE,72,12/5/15,hit,178.32,3,0.268,-6.35,1,0.408,148.228,0.609,4,1,0.327,0.52,0.623,0,0.127,0.0711,0.278
Dear Future Husband,3cU2wBxuV6nFiuf6PJZNlC,71,9/1/15,hit,184.22667,1,0.278,-4.789,1,0.303,79.427,0.02,4,0.856,0.375,0.655,0.782,0,0.317,0.185,0.832
Dollhouse,6wNeKPXF0RDKyvfKfri5hf,70,14/8/15,hit,231.85333,5,0.555,-5.331,0,0.505,130.029,0.293,4,0.94,0.22,0.725,0.708,0,0.777,0.0756,0.555
Better When I'm Dancin',5k5fWendNngd89O8JKoE8L,70,14/10/15,hit,176.26667,2,0.628,-7.002,1,0.587,127.987,0.591,4,1,0.53,0.756,0.789,0.000711,0.157,0.0324,0.873
Heroes (we could be),3zU9rdflI65tK4dkkNSp77,74,26/5/15,hit,210.01333,5,0.304,-4.124,1,0.385,125.896,0.837,4,0.983,0.0305,0.503,0.748,0,0.343,0.0619,0.356
We Don't Believe What's on TV,22OqansuvEMQu9W0EfiGTI,71,15/5/15,hit,177.2,9,0.454,-4.023,1,0.513,120.003,0.738,4,0.888,0.23,0.547,0.936,3.04E-06,0.172,0.102,0.642
Secret Love Song,4JIo8RztBbELr2gWJ5OGK6,76,6/11/15,hit,249.81333,9,0.293,-3.971,1,0.317,92.963,0.197,4,0.913,0.259,0.534,0.642,0,0.29,0.0504,0.131
Fairly Local,1s9xuJxhYM0LdVqksjegcg,71,15/5/15,hit,207.16,6,0.67,-5.993,0,0.648,114.985,0.675,4,1,0.0396,0.715,0.723,8.57E-05,0.084,0.0569,0.479
Beautiful Now,2ISSQPb9LHHiV6ng2NXosL,71,18/5/15,hit,218.29333,11,0.334,-4.126,0,0.409,128.003,0.746,4,1,0.0079,0.628,0.833,1.48E-05,0.074,0.0282,0.56
Sugar (feat. Francesco Yates),5tf1VVWniHgryyumXyJM7w,78,25/9/15,hit,219.04308,5,0.712,-5.098,0,0.665,123.063,0.929,4,1,0.0185,0.636,0.815,0,0.163,0.0581,0.636
Company,61uyGDPJ06MkxJtHgPmuyO,73,13/11/15,hit,208.12,4,0.412,-5.024,0,0.512,94.985,0.706,4,1,0.147,0.617,0.8,0,0.0852,0.0654,0.42
Doubt,57yL3161hUMuw06zzzUCHi,70,15/5/15,hit,191.49333,2,0.77,-6.141,0,0.704,123.02,0.633,4,0.492,0.121,0.719,0.645,0.00316,0.362,0.0358,0.69
Polarize,6GmkJJMe9U1tEcrJ3Hq3A1,70,15/5/15,hit,226.78667,6,0.664,-6.365,0,1,164.992,0.409,4,0.938,0.122,0.597,0.666,0.00302,0.1,0.0418,0.626
Message Man,4Oyl6oYSNeeZZP0OAxPVaU,70,15/5/15,hit,240.08,2,0.434,-6.077,0,0.451,120.007,0.38,4,0.709,0.0897,0.715,0.838,0,0.15,0.118,0.497
I Know What You Did Last Summer,2GyA33q5rti5IxkMQemRDH,70,14/4/15,hit,223.85333,9,0.403,-4.582,0,0.375,113.965,0.758,4,1,0.104,0.695,0.761,0,0.147,0.0864,0.745
Marvin Gaye (feat. Meghan Trainor),6ukMqDxnOPOgoHdak7Kyp3,72,1/5/15,hit,190.45333,1,0.009,-5.281,0,0.367,110.015,0.532,4,1,0.417,0.795,0.616,0,0.349,0.06,0.815
"White Noise Sleeping Aid to Help My Baby Fall Asleep, Sleep Through the Night",20GlDz2SYsXF8pzdxguxfe,70,27/3/15,hit,595.10585,1,0.004,-25.2,1,0.013,81.71,0.118,4,0.229,0.982,0.179,0.00189,0.279,0.111,0.327,1.00E-05
The Sound Of Silence,0eZBeB2xFIS65jQHerispi,72,15/8/15,hit,248.46667,6,0.193,-9.367,0,0.453,85.794,0.012,4,0.707,0.468,0.322,0.28,1.10E-06,0.102,0.0281,0.175
Fast Car,2mCF8L0brIs88eH6Kf2h9p,72,4/12/15,hit,212.42431,9,0.454,-6.951,1,0.565,112.684,0.379,4,1,0.455,0.56,0.592,0,0.297,0.0544,0.564
Just Imagine It,0mtmrbRFsectINNpHdDkUQ,68,24/7/15,miss,250.74667,10,0.456,-4.337,1,0.416,120.044,0.387,4,0.749,0.0466,0.699,0.761,0,0.107,0.0457,0.443
Latch - Acoustic,5vUNRJsvEOUsz4sbKkJpFr,71,6/11/15,hit,223.42943,8,0.608,-8.706,1,0.729,96.17,0.318,4,0.898,0.981,0.372,0.247,0.000223,0.11,0.0273,0.239
Borro Cassette,6DUdDIRgLqCGq1DwkNWQTN,74,30/10/15,hit,207.30667,5,0.259,-5.885,0,0.32,175.95,0.397,4,1,0.132,0.73,0.701,0,0.151,0.106,0.785
Whiskey And You,5aDK0TurEtiedVdT0a6k9a,65,4/5/15,miss,236.33333,2,0.734,-14.344,1,0.714,127.005,0.192,4,0.917,0.919,0.592,0.0562,6.22E-06,0.111,0.0599,0.266
Ocean Drive,0b6wdul3A5sQNpIOv03OxP,75,31/7/15,hit,206.32,8,1,-5.054,0,0.688,115.026,0.881,4,1,0.00637,0.686,0.718,0.000703,0.119,0.0431,0.557
Purpose,2IjyFRCRn8x1bEquOM3vxg,71,13/11/15,hit,210.16,0,0.642,-10.863,1,0.853,126.749,0.026,4,0.587,0.899,0.484,0.285,0,0.121,0.0397,0.302
Five More Hours - Deorro x Chris Brown,6YwLgicpvVuMt1eE2OldwQ,73,3/3/15,hit,211.97537,5,0.78,-3.226,0,0.544,127.961,0.834,4,0.96,0.0288,0.699,0.883,0,0.817,0.219,0.499
Already Gone,7fkXzzIVo98CgjOkpd9H0V,70,6/10/15,hit,240.79093,3,0.504,-11.75,1,0.842,66.734,0.002,4,0.946,0.956,0.447,0.206,4.56E-06,0.107,0.0519,0.327
El Malo De Culiacán,32MQwnY0WUaNVT7i4W9d9F,71,20/1/15,hit,215.64,5,0.757,-6.363,1,0.709,110.219,0.648,3,0.301,0.743,0.723,0.475,0,0.342,0.0358,0.802
GDFR (feat. Sage The Gemini & Lookas),26rdOwwjC2UnweK3xeS58u,70,7/4/15,hit,190.18553,5,0.031,-4.036,1,0.211,145.889,0.708,4,0.813,0.000704,0.657,0.827,0.00534,0.065,0.0734,0.69
Fast,2gYiCTytrSRtuaHP1Nac6u,63,7/8/15,miss,206.21333,0,0.411,-2.561,0,0.625,145.953,0.716,4,0.892,0.225,0.548,0.898,0,0.1,0.0459,0.599
Stay With Me - Live From Spotify Berlin,2GiYPEgOA7hb7sqsEWX8df,71,13/1/15,hit,174.36,0,0.694,-22.378,1,0.651,75.898,0.021,4,1,0.848,0.615,0.0987,0.0258,0.708,0.0424,0.164
If You Ever Wanna Be In Love - James Bay Spotify Session 2015,359lSGQwvAM3aZA5UNwqiQ,72,7/8/15,hit,236.78667,11,0.56,-8.403,1,0.621,117.622,0.432,4,0.209,0.913,0.679,0.321,0,0.711,0.0396,0.362
On & On,4B2kkxg3wKSTZw5JPaUtzQ,72,9/7/15,hit,207.06898,11,0.288,-4.742,1,0.516,174.141,0.171,4,1,0.285,0.458,0.696,0,0.123,0.0402,0.418
Sense of Home,68wibJU4yMiqNX79IaLAsN,68,31/3/15,miss,265.84,3,0.302,-10.926,1,0.478,140.068,0.549,4,0.464,0.892,0.565,0.207,1.80E-06,0.102,0.032,0.0904
Like Dat,788NX6uCNEVuZW8x5BkQqM,61,26/12/15,miss,200.09796,8,0.624,-8.455,1,0.48,134.955,0.622,4,0.972,0.0291,0.849,0.476,0,0.0589,0.182,0.482
Lord Knows (feat. Tory Lanez),57hCSu4zMTdnSum7NBL1Ye,63,29/6/15,miss,318.84,10,0.369,-7.464,0,0.369,167.309,0.051,4,0.337,0.0168,0.434,0.695,0,0.834,0.485,0.16
Spirit of the Living God,4xuToNvDiZHnDQVujjK49s,63,16/1/15,miss,339.48,2,0.554,-6.553,1,0.686,133.962,0.332,4,0.944,0.0298,0.368,0.531,0,0.639,0.0317,0.166
Drag Me Down,70OTIpw8x8UXUsuCHW9i1i,70,31/7/15,hit,192.10667,0,0.36,-5.576,0,0.463,138.098,0.737,4,1,0.0997,0.723,0.711,0,0.0528,0.0378,0.606
No Flex Zone,2L8cFPItBljPNJgPjTnuIf,63,6/1/15,miss,231.06667,8,0.489,-6.055,1,0.391,120.08,0.764,4,0.982,0.00412,0.925,0.519,0,0.0971,0.104,0.247
Sexual Healing - Kygo Remix,7s1upm7yr7ZjrzXMwHawtG,70,27/4/15,hit,368.31683,0,0.384,-7.196,0,0.614,100.987,0.671,4,1,0.321,0.689,0.68,0.0211,0.0431,0.0427,0.646
Omen - Radio Edit,78EQ5LZGgviMU9k0zrqv1r,70,27/7/15,hit,196.81719,5,0.499,-4.838,0,0.432,105.967,0.426,4,1,0.111,0.615,0.781,0,0.373,0.203,0.687
I Apologize,1hntQPOGfiSztG0cASWRoX,60,4/9/15,miss,242.95646,9,0.208,-4.69,0,0.303,77.991,0.373,4,0.596,0.00068,0.505,0.929,0,0.167,0.0529,0.419
Run It,4iq3zHwgHSxstFvYw4yIsQ,61,13/11/15,miss,200.8,11,0.68,-6.242,0,0.588,108.972,0.777,4,1,0.216,0.863,0.815,0,0.0887,0.232,0.636
Chillax (feat. Ky-Mani Marley),1lxswgIpzV6HhENRvkflES,70,23/10/15,hit,197.84,1,0.614,-4.727,0,0.661,92.057,0.111,4,1,0.0724,0.827,0.646,0,0.247,0.0766,0.512
Locked Away,7x5xYW5W42OGPAdHUyyguy,73,9/10/15,hit,227.48,1,0.61,-5.709,1,0.788,118.413,0.019,5,0.801,0.304,0.509,0.671,0,0.0452,0.0678,0.55
Be The One,1ixphys4A3NEXp6MDScfih,74,30/10/15,hit,202.91456,7,0.827,-3.771,0,0.723,87.46,0.022,4,1,0.117,0.661,0.651,1.32E-05,0.056,0.0499,0.368
As You Are,3H3qBumaYj67PT3aMEBvAP,63,28/8/15,miss,340.49333,0,0.735,-9.667,0,0.841,173.661,0.234,4,0.857,0.131,0.371,0.329,0.00625,0.279,0.0574,0.0539
Los Relatos de un Guacho,62pJd05wVmuUABEXQPVH0y,62,15/10/15,miss,160.98862,7,0.933,-6.342,1,1,126.269,0.845,3,0.638,0.424,0.79,0.757,0,0.0581,0.0465,0.933
Hold My Hand,1i1rNVtxbE7rdFfpHuNq2j,66,24/2/15,miss,227.34395,0,0.548,-5.717,1,0.549,122.977,0.799,4,1,0.00159,0.642,0.823,0,0.0776,0.0289,0.431
Fire on the Horizon,7mnk9W0umx7q4Vo4FjtOot,59,13/11/15,miss,327.98667,2,0.875,-6.448,1,0.555,143.002,0.791,4,1,0.0572,0.736,0.735,0.019,0.271,0.0386,0.692
Runnin' (Lose It All),5yZvaUVyuXfSVUaMumFi6l,70,17/9/15,hit,213.01946,6,0.905,-6.039,1,0.816,140.005,0.409,4,1,0.0091,0.318,0.838,8.51E-05,0.451,0.0793,0.0668
Wonderland,2tzLjiRec9KtzdhgyVYN6Z,57,16/10/15,miss,190.55438,7,0.041,-5.546,1,0.27,104.013,0.131,4,0.997,0.313,0.772,0.796,0.00272,0.0754,0.274,0.499
The Wolf,2rS77EbhEs7Y2UZD8pWIPb,58,4/5/15,miss,221.22671,2,0.48,-6.845,1,0.704,152.96,0.864,4,0.878,0.000507,0.43,0.711,0.694,0.161,0.0439,0.373
Heartbeat,05BgC2247XGi8ySwBzOO0o,58,23/10/15,miss,209.92,1,0.613,-4.478,1,0.828,139.999,0.203,4,0.935,0.606,0.54,0.766,0,0.0903,0.05,0.435
Let It Go - James Bay Spotify Session 2015,4tYokojnBEp5pBWO7wTRPA,70,7/8/15,hit,285.86667,1,0.367,-9.095,1,0.512,140.053,0.282,3,0.68,0.879,0.5,0.213,7.37E-06,0.721,0.0462,0.37
Lavish (feat. Logic & Mojo),5o9VWgXFWtjPE4RWNVK0xO,60,29/7/15,miss,245.91673,8,0.329,-5.877,1,0.449,143.865,0.317,4,0.978,0.269,0.806,0.821,0,0.0879,0.314,0.799
The Game & Skrillex: El Chapo,24b20V609aI0WJ8LyxR8qx,59,16/10/15,miss,220.07873,6,0.318,-3.323,0,0.344,126.994,0.451,4,1,0.138,0.754,0.909,0,0.281,0.23,0.591
For Steven,2a2IJoPdpjPsvZ2eyhLTCs,62,1/3/15,miss,284.02667,7,1,-25.697,0,0.901,62.959,0.033,3,0.493,0.994,0.296,0.0366,0.926,0.098,0.0557,0.123
Hasta la Raíz,3lGMtkONrZdJ8kTCg6KIFf,72,13/11/15,hit,221.8,3,0.269,-8.392,1,0.387,152.98,0.489,3,1,0.201,0.585,0.643,0.000306,0.144,0.0395,0.592
Nottamun Town,1hNZc5mqtzV8qiYMU5833u,71,9/10/15,hit,189.14667,3,0.312,-6.238,1,0.438,120.038,0.78,4,1,0.116,0.748,0.747,0.00171,0.356,0.0774,0.556
Ghost Town,44aN5xKL3kGHvQ5bXVk6B8,66,11/6/15,miss,208.33034,4,0.44,-5.709,0,0.461,119.955,0.464,4,1,0.186,0.703,0.736,1.92E-05,0.174,0.046,0.274
Up&Up,31L9yLXSj6LpCFupyMV6CR,70,4/12/15,hit,405.32,7,0.729,-5.461,1,0.663,163.987,0.211,4,0.936,0.0485,0.48,0.718,0.000343,0.102,0.0603,0.252
Let It All Go,70K0ezmzYEZeqoSaZMyP7o,69,6/8/15,miss,280.7571,10,0.761,-8.644,1,0.614,107.005,0.36,4,0.858,0.817,0.383,0.43,1.04E-06,0.0869,0.0302,0.174
Playing With Fire,5iRNlitNM1y6otuY7EIauj,55,1/1/15,miss,205.4,11,0.272,-4.313,1,0.491,149.998,0.298,3,1,0.0983,0.52,0.761,0,0.306,0.0321,0.392
Tu Falta De Querer,4skuEIloXWuxxgekKupkEH,72,21/8/15,hit,278.54667,10,0.913,-7.935,1,0.676,129.995,0.269,3,1,0.0251,0.394,0.475,0.00749,0.112,0.028,0.441
Speakerbox (feat. Lafa Taylor),1ti43ZT6bc4o1eGOSnBHkO,58,30/6/15,miss,282.27274,8,0.586,-2.325,0,0.684,175.954,0.018,4,0.996,0.00943,0.507,0.934,0.0018,0.222,0.188,0.471
Fanfare,2WQzsRjsNuQz8KGEXNcJCU,56,24/7/15,miss,264,6,0.257,-9.075,1,0.32,80.021,0.297,4,0.912,0.0124,0.585,0.62,0.0164,0.135,0.0538,0.725
A Cappella,3XlzpaHje8MlpaGe8twgr7,57,12/11/15,miss,88.91624,9,0.709,-10.949,0,0.629,70.03,0.07,5,0.538,0.862,0.191,0.314,2.57E-06,0.171,0.0347,0.121
Creep,3AOcpwgy3V2Fwg7B8PZfKl,61,23/4/15,miss,283.25937,5,0.405,-9.043,1,0.492,177.334,0.163,3,0.908,0.697,0.292,0.359,1.85E-05,0.108,0.0328,0.228
Por Fin Te Encontré,2DAULesb1U4Qz4FSTZpEUJ,71,24/9/15,hit,250.83683,11,0.685,-3.657,1,0.683,180.016,0.224,4,1,0.0486,0.643,0.829,0,0.173,0.232,0.825
Dueles,1iRvhKiXRElIH2Uf4gd95P,71,4/12/15,hit,247.64,2,0.198,-3.944,1,0.527,142.026,0.792,4,0.965,0.277,0.531,0.834,0,0.131,0.052,0.526
Catch & Release - Deepend Remix,11BAVEGi1ivJ6JWLqKUNrZ,70,30/9/15,hit,195.17333,1,0.108,-8.645,0,0.393,104.989,0.396,4,1,0.555,0.835,0.536,0.000386,0.111,0.0478,0.107
No Scrubs,6rvjjyTCbuoIucuI9TvTfX,59,8/12/15,miss,127.69229,5,0.36,-8.893,0,0.465,156.028,0.16,3,0.293,0.444,0.691,0.388,0,0.108,0.126,0.469
Me Soltaste,02yD6Wmpx5kLAoXLQOnuEb,70,4/12/15,hit,229.93333,10,0.311,-6.038,0,0.509,111.661,0.02,4,0.931,0.786,0.4,0.398,3.47E-06,0.333,0.0385,0.16
I Feel Good,4vLRCGOBz4zIS8nEHk5v9j,53,1/1/15,miss,195.42667,3,0.18,-7.231,0,0.272,106.961,0.947,4,1,0.00658,0.834,0.584,0,0.0677,0.0366,0.965
Semi On Em,3lIbX2uAOYqxlxeCHFWuZn,53,11/12/15,miss,170.68512,1,0.019,-9.139,0,0.266,135,0.796,4,1,0.0322,0.835,0.505,0,0.105,0.363,0.356
Blessings - Extended Version,4UaWrzY75h1tAvlxa4NKP9,56,3/2/15,miss,301.96,10,0.52,-8.11,0,0.607,118.397,0.156,4,1,0.285,0.751,0.6,0,0.128,0.395,0.137
THE BROWN STAINS OF DARKEESE LATIFAH PART 6-12 (REMIX) (feat. ScHoolboy Q),629TRAVD61y1ZVNl9EOfEE,55,13/4/15,miss,191.86875,1,0.021,-5.636,0,0.115,84.942,0.213,4,1,0.000954,0.63,0.842,0,0.362,0.316,0.634
Shots & Squats,5nIrdpo8eXQU3YgZelEXkd,70,5/6/15,hit,171.79946,1,0.129,-5.039,1,0.377,127.997,0.853,4,1,0.00674,0.813,0.819,0.000423,0.225,0.121,0.279
Tell Me Why,0YFA0boMX3HBAZS1QfHKRR,58,27/3/15,miss,210.73333,2,0.496,-5.023,0,0.533,158.904,0.493,4,1,0.00922,0.491,0.827,0.000377,0.217,0.0415,0.472
Krusty Krab Spongebob Trap Remix Vine Theme,79VupVk4BWNqYcfXe5oVOh,58,17/7/15,miss,114.95782,7,0.789,-10.7,1,0.826,108.274,0.208,3,1,0.818,0.707,0.272,9.67E-05,0.362,0.494,0.985
No Llega El Olvido,4xKmCXrvnvrRa7XoBIwUoZ,58,11/12/15,miss,211.90667,8,0.75,-5.911,1,0.629,80.143,0.328,3,0.26,0.664,0.647,0.472,1.34E-06,0.302,0.0443,0.772
Aunque no sea conmigo,0dRY4OrSY53yUjVgfgne1W,70,14/4/15,hit,212.56,4,0.522,-6.246,0,0.473,86.09,0.124,4,0.958,0.458,0.461,0.715,1.56E-05,0.719,0.0281,0.455
Easy Rider,4AH8GJVosfrbfhe5NVTAnx,56,23/3/15,miss,259.30122,11,0.628,-4.031,1,0.432,93.649,0.33,4,0.697,0.0339,0.422,0.851,0,0.152,0.0398,0.667
Daisy,4ccQmBycgXDYtIA7Z1i32V,55,18/5/15,miss,174.41333,2,0.419,-5.774,1,0.688,112.067,0.765,4,0.805,0.124,0.586,0.598,0,0.151,0.0359,0.201
Men & Coyotes,1MmfngQYkwmkGA6WmbVcsD,51,4/9/15,miss,320.94621,1,0.659,-7.007,1,0.625,122.779,0.44,4,0.899,0.308,0.531,0.53,7.87E-06,0.0476,0.0305,0.54
Vapor,6V6Xoa7CRJJRoe7f9hRdAe,56,23/10/15,miss,179.09116,1,0.379,-4.574,1,0.661,155.071,0.853,4,0.993,0.0117,0.507,0.861,0,0.121,0.0434,0.531
Bajo El Agua,5QSYWruQQ7kBCHScI4xJ9g,71,30/10/15,hit,225.83864,4,0.653,-8.504,1,0.695,99.998,0.319,4,0.918,0.767,0.616,0.454,3.48E-05,0.105,0.0273,0.249
I Am Yours,2X41aScxRyRugn58NRKzqF,51,14/4/15,miss,238.02667,1,0.669,-4.889,1,0.705,87.948,0.328,4,0.805,0.122,0.584,0.636,0,0.0972,0.0277,0.258
Nota de Amor,2i5Ner8w1rUI6QTDxk0ph4,63,3/2/15,miss,232.26667,10,0,-3.058,1,0.062,98.017,0.33,4,1,0.233,0.797,0.933,0,0.062,0.128,0.615
Define,3B1Je3rlEac3p4ikYW13zw,59,24/7/15,miss,232.12898,0,0.387,-3.867,0,0.214,122.043,0.288,4,0.95,0.18,0.405,0.808,0.000412,0.133,0.0355,0.32
Coming Over - filous Remix,0uIDxM4fdk9zHQzbhr5Jgq,59,9/9/15,miss,198.54531,8,0,-11.077,1,0.285,109.999,0.771,4,1,0.487,0.791,0.493,0.00517,0.0996,0.0459,0.309
4u,1Eeof8IMDWLXEaAtjTW1ny,54,2/6/15,miss,210.14667,7,0.254,-7.87,1,0.51,81.978,0.05,4,0.996,0.508,0.723,0.448,0,0.141,0.223,0.63
I Can Be Somebody,0sxvPuybHVMwEvCSfbJDM6,60,14/8/15,miss,277.5,0,0.789,-8.398,1,0.649,127.928,0.676,4,0.989,0.0168,0.634,0.482,0.00115,0.147,0.0331,0.238
West Side Highway,3RySVukMPe4R7lAP8oGI17,53,26/5/15,miss,176.90667,6,0.436,-11.725,0,0.505,92.938,0.174,4,1,0.0149,0.688,0.499,0,0.125,0.285,0.394
Endless Summer Symphony,0Pz07g0B8PbY6AkMNzq462,50,2/10/15,miss,229.9424,2,0.685,-7.432,1,0.499,134.99,0.42,4,1,0.0217,0.708,0.658,0,0.0812,0.238,0.354
In My Head,1PBk2knn4anq0vaS5KGDG2,55,5/6/15,miss,221.06558,0,0.452,-2.794,1,0.559,127.829,0.934,4,0.792,0.00622,0.548,0.895,0.0184,0.108,0.0392,0.616
Under Control,2kBHv0gFA2iheTUXmPB9e1,53,26/6/15,miss,244.29333,7,0.567,-6.134,1,0.594,98.003,0.388,4,1,0.327,0.706,0.714,0.0111,0.185,0.061,0.503
Vandalizer - Acoustic Mixtape,54DolxlFipJnuSObPmCPUv,49,23/10/15,miss,156.98667,5,0.754,-7.549,1,0.726,115.7,0.031,3,0.361,0.814,0.542,0.649,0,0.144,0.266,0.694
I'm Not Making out With You,6E9ab6fNK5D18BDJT8ojDs,50,10/5/15,miss,159.19887,0,0.871,-10.239,1,0.669,190.042,0.405,4,1,0.00833,0.353,0.792,0.000134,0.197,0.0515,0.269
Usual Suspects,317OvhGA2i1uUp8ho4gSGu,53,31/3/15,miss,227,11,0.456,-3.171,0,0.404,174.03,0.296,4,1,0.000454,0.496,0.942,1.87E-06,0.452,0.0936,0.328
Perfect,3DnzEB8Ffnp5sjnCbOugUX,56,16/10/15,miss,230.33333,2,0.189,-5.231,1,0.507,99.933,0.237,4,0.995,0.0598,0.647,0.823,0,0.119,0.0762,0.396
Safe Sex Pay Checks,41gjI27Qe5vzMHrLI7PpSS,51,6/1/15,miss,296.04,0,0,-4.995,0,0.304,119.981,0.791,4,1,0.0198,0.668,0.787,0,0.234,0.0889,0.571
OOH-AHH하게 Like OOH-AHH,6WdKzXgNyPeSOBI8OWN6Zp,58,20/10/15,miss,215.09129,6,0.764,-1.166,1,0.614,141.997,0.692,4,1,0.241,0.72,0.876,0.000101,0.381,0.0776,0.694
Fingers Crossed,2ksxhKbBfirRHWXGuAi13E,48,5/6/15,miss,211.98667,4,0.559,-5.625,1,0.526,95.993,0.404,4,0.991,0.000951,0.457,0.709,0.000676,0.0808,0.0372,0.361
"Mud Digger Mega Remix (feat. Lenny Cooper, Colt Ford, Moonshine Bandits, Demun Jones, Moccasin Creek & Cap Bailey)",4QxZxSjf3GwmrwhYEHQgVj,47,28/8/15,miss,291.53066,8,0.099,-5.762,1,0.358,175.003,0.017,4,0.996,0.0139,0.543,0.791,0,0.0711,0.214,0.729
Let It Go,7a2NUtKR5wLMmu7tayiLp1,47,25/9/15,miss,210.06667,0,0.313,-7.3,1,0.469,117.977,0.929,4,0.985,0.212,0.694,0.714,0.000155,0.191,0.0303,0.727
On The Low,3aVhk9FXO4p6cCh0nU94dv,48,9/10/15,miss,174.01333,10,0.474,-8.332,1,0.385,171.984,0.47,4,1,0.174,0.647,0.57,0,0.0989,0.11,0.646
Cell Boomin,2HX1f7OxMgGHa44IMSAEx5,47,5/3/15,miss,240,8,0.785,-11.196,0,0.432,168.177,0.236,3,0.169,0.0321,0.648,0.445,0.0018,0.084,0.456,0.306
Pasensya Ka Na,0YyM8aEdbjGfLWPn6fdcn7,68,8/4/15,miss,241.02971,11,0.635,-15.073,1,0.722,84.007,0.493,4,1,0.519,0.696,0.262,0,0.0669,0.031,0.265
Mona Lisa,5UAwlHJQYStK2K3Qaju7Lg,46,3/2/15,miss,194.18667,1,0.72,-6.233,1,0.556,98.427,0.132,4,0.644,0.0038,0.424,0.715,8.05E-06,0.235,0.0594,0.664
Next to You,36MF5O3oyr7RppWoG69jca,51,2/3/15,miss,185.86122,9,0.028,-13.803,1,0.265,124.012,0.497,4,0.939,0.628,0.746,0.0609,0.951,0.152,0.0661,0.385
Mi Linda Esposa - Remastered,5yUAv2oI8yzpSYgWtTZus0,51,14/4/15,miss,249.58667,5,0.658,-4.7,1,0.567,92.916,0.241,4,0.995,0.267,0.658,0.485,1.09E-06,0.0515,0.0281,0.644
Play No Games,3QicmLtjeMFqn1n4aoKYTV,48,24/2/15,miss,216.65333,1,0.966,-3.9,1,0.727,81.499,0.124,4,1,0.0793,0.755,0.711,0,0.263,0.0443,0.347
Take Ü There (feat. Kiesza) - Missy Elliott Remix,4JJTel4WTX7VeyN3fe5CbS,52,24/2/15,miss,210,6,0.401,-1.527,0,0.439,159.855,0.067,4,1,0.0853,0.52,0.898,0,0.163,0.201,0.13
Seven Hours,1g9n3Y040NXNrDYZ3xo3yb,51,9/10/15,miss,221.70649,3,0.461,-7.853,1,0.67,120.509,0.482,4,0.801,0.361,0.323,0.651,0.144,0.0694,0.0333,0.335
Follow You,0Dlx2VRyF2o95UKxRnFFl6,47,30/10/15,miss,222.59673,11,0.365,-4.213,0,0.482,103.005,0.611,4,1,0.00422,0.677,0.671,0.000552,0.0277,0.0305,0.692
Catch Fire,1VD2nlzQDj4YFPjhuOrjK2,51,23/10/15,miss,207.43256,1,0.037,-3.418,1,0.313,116.029,0.975,4,1,0.0054,0.621,0.936,0,0.0755,0.0355,0.797
Tomorrow,5JFG3d41jsvwut9UDwPwWV,45,25/9/15,miss,199.4449,8,0.575,-6.087,1,0.723,129.939,0.291,4,0.871,0.0146,0.667,0.643,0,0.195,0.0713,0.207
El Kakaro,1f8qzvteJC2QNMNMInHs4D,50,2/10/15,miss,209.14667,10,0.58,-5.285,1,0.428,111.947,0.975,1,0.65,0.282,0.886,0.83,5.30E-06,0.108,0.0373,0.94
After The Storm Blows Through,1fLNnsyJbusqDhz6QowzZG,44,2/6/15,miss,222.14667,0,0.797,-5.399,1,0.86,133.874,0.361,4,0.989,0.797,0.574,0.309,1.64E-05,0.139,0.027,0.2
The Lines (Low Gain Mix),4nACNcP2mpwm63MUQJEELQ,48,25/12/15,miss,181.68367,6,0.245,-3.307,1,0.49,130.505,0.029,3,0.639,0.683,0.311,0.732,0,0.177,0.038,0.778
Together - Radio Edit,1toZpxfcMXfDNllcsHHnBg,53,14/8/15,miss,188.16998,5,0.459,-5.755,0,0.515,124.959,0.469,4,1,0.0481,0.675,0.811,6.28E-05,0.166,0.0595,0.211
Ocean Sound,6IJePVMdWoN0Qfci0tdEI6,44,14/7/15,miss,590,8,0.608,-20.722,1,0.609,56.392,0.076,4,0.989,0.847,0.205,0.0147,0.954,0.107,0.0582,1.00E-05
All Again,6sdE2pMRzBbiKbMpF1rFee,43,13/1/15,miss,251.49333,2,0.673,-6.337,1,0.777,75.093,0.123,5,0.657,0.675,0.279,0.374,0,0.102,0.0371,0.157
Distaste,5RzVp9TD0qixvWej58GSng,46,18/5/15,miss,195.17333,1,0.265,-2.98,1,0.425,172.918,0.576,3,0.991,0.00118,0.411,0.985,0,0.376,0.15,0.307
Mi Vida Sin Ti (En Vivo),27h8dbVJNk6PYzM3JkBtB0,53,19/1/15,miss,298.78667,9,0.75,-12.306,1,0.691,148.964,0.06,4,0.999,0.487,0.657,0.488,1.26E-05,0.2,0.0352,0.585
Everything In Between,4wOXWrF9Rv9J5RxsN5bez3,44,7/8/15,miss,209.44,6,0.601,-5.784,1,0.631,129.994,0.86,4,1,0.232,0.647,0.602,0.000373,0.28,0.0264,0.208
Deeper Sleep,68VvbNy49TykERfx9GJMVe,46,14/12/15,miss,68.10989,11,0.708,-21.993,1,0.262,79.642,0.104,5,0.903,0.174,0.183,0.962,0.935,0.717,0.0452,1.00E-05
La Revancha,5Tk5S0aNB6yXh3KRucbBGq,51,24/7/15,miss,145.70667,0,0.494,-4.363,1,0.521,110.087,0.9,3,1,0.447,0.788,0.772,0,0.0562,0.0495,0.976
Bohemian Rhapsody,5ZUNNSWjSOJH3u2adOv9mT,53,24/6/15,miss,401.72934,2,0,-11.215,1,0.291,140.344,0.483,4,0.793,0.198,0.299,0.491,2.82E-05,0.0868,0.0392,0.133
"Look Heart, No Hands - All The Number Ones Version",4ZfZpMslafgFpTmEg3Tvla,45,21/4/15,miss,191.06667,0,0.657,-11.215,1,0.641,100.374,0,4,1,0.127,0.66,0.423,9.87E-05,0.106,0.0287,0.375
Real One (feat. Boosie Badazz),5IA5LpCFWSYuhsLiQRjV6o,51,24/2/15,miss,299.64,2,0.149,-8.837,1,0.268,98.728,0.431,4,0.942,0.0686,0.688,0.637,0,0.218,0.394,0.574
Run - Lost Frequencies Radio Edit,4dqnFd0dfgh4HgZ1w3AGTE,58,24/7/15,miss,195.84,3,0.03,-6.316,1,0.292,125.018,0.895,4,1,0.0371,0.71,0.61,0.00178,0.133,0.0271,0.457
Dawn,10V8oTOGIEfPr8aTHCuDvX,46,23/6/15,miss,112.49333,1,0.66,-19.88,1,0.625,126.383,0,4,0.464,0.464,0.434,0.192,0.917,0.0963,0.0436,0.0376
Possum Kingdom,7geL2YhrXDr9tFjoNJMaSZ,47,18/9/15,miss,354.4932,11,0.284,-7.507,0,0.234,181.081,0.253,4,1,0.0742,0.564,0.654,0.148,0.131,0.0251,0.446
Crush,7HbwANSdBmfQYCBvBZgvqJ,57,4/9/15,miss,211.78812,1,0.721,-7.894,0,0.657,103.989,0.708,4,0.992,0.491,0.818,0.651,0.000726,0.0318,0.0605,0.254
Better Vibes,0EXX5F4Rgs2Y0wAjwAb8ZN,45,16/10/15,miss,252.02667,2,0.259,-5.682,0,0.408,120.078,0.294,4,1,0.0745,0.559,0.832,7.55E-06,0.0907,0.0613,0.196
Brown Eyed Girl,5KhtfxmVLso0pQfnZ49h36,46,4/12/15,miss,183.50667,7,0.799,-10.098,1,0.804,151.416,0.082,4,1,0.192,0.491,0.605,0,0.289,0.0367,0.903
Revelator Eyes,4A8wLC09mcPYI6ZwM6Ia44,46,28/8/15,miss,262.26667,8,0.317,-9.016,1,0.583,153.026,0.75,4,0.818,0.101,0.52,0.717,0.054,0.173,0.0299,0.568
The Bloom (AG3),3DIVCg9ttv79atkxohpFPI,43,31/3/15,miss,322.24821,5,0.172,-5.09,0,0.355,99.793,0.477,4,1,0.0052,0.793,0.714,0,0.0832,0.044,0.521
Meddle About,1x5gfSHfhWpMFKKqbuDe9G,46,21/2/15,miss,203.88617,4,0.745,-6.41,0,0.641,159.897,0.045,4,0.988,0.00404,0.387,0.797,0.0108,0.314,0.052,0.369
I Wanna Be Good,6St6kIw1vscBbLDl2K05xz,43,29/6/15,miss,200,0,0.612,-12.598,1,0.625,95.747,0.078,4,0.754,0.833,0.322,0.354,1.81E-05,0.121,0.0294,0.248
Outlaw in Me (feat. Crucifix),6wM06GegUSggkUOVWmkYYq,42,26/5/15,miss,213.4259,7,0.47,-6.086,0,0.264,139.966,0.341,4,0.498,0.0231,0.606,0.818,0,0.259,0.0472,0.566
March of the Resistance,420y9qWviZ4cdneynQWSKr,46,18/12/15,miss,155.90667,7,0.676,-9.598,0,0.662,101.96,0.465,4,0.98,0.866,0.609,0.407,0.909,0.169,0.0305,0.532
Strong,5cImOblhS97lw6MvbPupUu,53,27/11/15,miss,169.10154,5,0.593,-3.162,0,0.613,127.977,0.844,4,1,0.0211,0.448,0.856,2.00E-05,0.2,0.0537,0.511
Lightning,575RK5IvYKYgT8rTgDVrZm,51,6/11/15,miss,312.2,6,0,-7.196,0,0.3,148.401,0.047,4,0.967,0.0591,0.592,0.838,2.53E-06,0.268,0.243,0.563
Nope (feat. ShayGray),0eEvrc5S2BNnHdhUooBVdj,45,13/1/15,miss,231.73637,6,0.376,-5.94,0,0.495,145.064,0.79,4,0.867,0.00465,0.733,0.82,0.00147,0.0687,0.212,0.347
Brighter Than the Sun,0ikbufjXAgnd0OdhCjEBB3,47,17/7/15,miss,196.28649,1,0.796,-5.008,1,0.547,165.07,0.462,4,1,0.0702,0.463,0.912,0.0153,0.136,0.24,0.346
Welcome to Vulf Records,6tL1I2F1BWhhQpwFUQztEz,46,9/10/15,miss,163.21823,0,0.816,-8.474,1,0.61,152.321,0.042,4,1,0.0105,0.53,0.481,0.711,0.0957,0.0482,0.438
Promise (feat. K.Flay),2OG73Fda8Qc0zLbq5CuUuq,43,25/9/15,miss,215.53333,9,0.404,-7.533,0,0.362,115.998,0.715,4,1,0.0653,0.881,0.559,0.0266,0.305,0.0755,0.198
An Angry Thunderstorm,6in6Cd884eyP3H17Rysfiv,42,10/7/15,miss,77.12118,2,0.02,-15.818,1,0.358,94.464,0.077,4,0.706,0.0002,0.145,0.525,0.596,0.358,0.0508,0.0209
Rat Race,75ozjNXcc0l7Jumtk5dLkK,42,18/9/15,miss,193.19456,6,0.364,-4.715,1,0.509,78.896,0.44,4,0.935,0.513,0.599,0.838,0,0.0908,0.309,0.266
Scarlet,7AMlAUrvSoL1IfiWzvEnrY,45,5/5/15,miss,230.02667,6,0.521,-4.329,1,0.559,107.947,0.862,4,0.894,0.26,0.555,0.824,0,0.0592,0.0436,0.344
En el Trono Está,4coOgCZ2Fmg3OOVfuNCAPe,50,10/9/15,miss,359.58327,5,0.699,-4.678,1,0.539,148.043,0.425,4,0.866,0.034,0.294,0.783,0,0.507,0.043,0.192
Soothing White and Brown Noise: Sounds for Getting a Good Night’s Sleep,36IXRA44nUFUD5qwZ0L4hf,49,19/2/15,miss,178.01333,8,0.687,-18.318,0,0.579,0,0,0,0,0.745,0,0.000599,0.998,0.139,0,0
Le da Igual,6uUUJZMyIdDTmuNZSj9QkB,54,20/11/15,miss,249.77333,6,0.36,-4.473,1,0.452,123.919,0.837,4,1,0.0376,0.785,0.629,0,0.11,0.0369,0.862
Pocket Knife,6xp5UrQQK4LqQoJDwXlBJb,43,16/10/15,miss,192.82667,9,0.284,-4.346,1,0.358,168.099,0.102,4,0.985,0.000447,0.481,0.858,0,0.177,0.0474,0.72
Blank Space,2cbk1iymUvgSSyad62RRSh,41,24/3/15,miss,172.29333,8,0.163,-4.289,1,0.278,96.032,0.5,4,0.941,0.154,0.765,0.674,0,0.153,0.0581,0.675
Cerca De Jesús,0Q7q4R43TMx0SGQoe7dHpJ,49,16/1/15,miss,213.10667,2,0.666,-8.176,1,0.706,122.146,0.31,4,0.983,0.405,0.46,0.393,4.97E-06,0.107,0.0272,0.089
Blacktop,0dFf2G2Q5SdYbvcLDK58EB,42,23/10/15,miss,283.50975,7,0.784,-16.812,1,0.633,105.426,0.607,4,0.989,0.94,0.507,0.0694,0.00112,0.111,0.0335,0.089
Bail Me Out (feat. Joel Madden),2iOxbdtDg8zFpZNRcz6Big,46,3/4/15,miss,212.95107,1,0.955,-3.921,1,0.667,127.044,0.906,4,1,0.00378,0.698,0.906,2.73E-05,0.234,0.0471,0.964
B a noBody,39aN7XSAw1JpupYNdvkfuj,49,1/6/15,miss,288.14073,7,0.78,-10.288,1,0.762,124.624,0.523,4,0.103,0.904,0.423,0.268,0.0254,0.157,0.0315,0.178
This Summer - Maroon 5 vs. Alesso,4Fqf6sRaSGQppXHwO0gZs3,50,29/6/15,miss,191.50612,4,0.646,-4.054,0,0.586,121.339,0.224,4,0.682,0.0592,0.359,0.912,0,0.853,0.432,0.365
Doomed,1rO8SV0CvDFyvYhPF35IUE,49,4/9/15,miss,274.12,6,0.711,-4.546,0,0.664,147.057,0.412,4,1,0.00183,0.479,0.904,1.50E-05,0.221,0.0822,0.231
I Wanna Dance with Somebody,550Wn0mCBgXSnTNouQA2fY,55,16/6/15,miss,219.96,2,0.615,-11.422,1,0.652,104.371,0.007,4,0.841,0.899,0.712,0.102,0,0.121,0.0522,0.38
Lil Tokyo,0Ca0ZihuLlTJjRiW8BLktL,44,15/3/15,miss,197.06776,7,0.74,-12.057,1,0.693,94.931,0.4,4,1,0.498,0.769,0.38,0,0.114,0.49,0.181
P's & Q's,3TgUmYALtbV9LpLj7KQMLi,42,21/8/15,miss,153.03982,11,0.548,-4.42,1,0.365,87.958,0.157,4,0.823,0.0429,0.667,0.725,0,0.106,0.337,0.141
Bless the Telephone,0620OecAlwJQxWieRW4L9s,46,19/1/15,miss,100.74667,2,0.299,-17.466,0,0.24,135.521,0.398,4,0.987,0.978,0.567,0.175,2.14E-05,0.103,0.0483,0.229
Ignite,5S9o5O3JJ5SzkimwPVaL26,46,4/12/15,miss,218.24998,5,0,-10.73,1,0.151,79.816,0.627,4,0.944,0.471,0.373,0.47,0.0279,0.103,0.0675,0.261
Footprints,5EP7CdqAOvhOs6LJWw69sA,41,24/7/15,miss,264.69333,9,0,-5.233,1,0.078,111.753,0.885,3,0.76,7.59E-06,0.379,0.984,0.0137,0.121,0.0864,0.0397
The Schmuel Song,6jXT02NbBVcc6arVDvzQw8,42,10/2/15,miss,462.16,6,0.143,-8.596,0,0.355,81.74,0.041,4,0.637,0.727,0.456,0.398,0,0.131,0.0719,0.387
Corazón Acelerao,4Ij5HnQief1oYBWs8fw0cU,52,31/7/15,miss,225.78667,10,0.703,-2.88,0,0.702,92.952,0.069,4,1,0.281,0.63,0.875,0,0.568,0.248,0.601
Still No Good,2imtf7mjk24rRwykjylccq,43,15/12/15,miss,154.72327,0,0.354,-10.946,0,0.484,90.048,0.039,4,1,0.599,0.724,0.4,2.38E-06,0.144,0.201,0.2
Love's in the Melody (feat. Caleb Keolanui),5ffHDqMVSdR4zba0bWthFx,41,9/10/15,miss,218,4,0.166,-4.928,0,0.315,90.058,0.116,4,1,0.344,0.637,0.759,0,0.177,0.0519,0.779
White Lies (feat. Jenni Potts),2QNrqC6rPGTmVn2dwnlFjL,41,18/9/15,miss,277.33333,2,0.038,-9.325,1,0.327,90.001,0.148,4,1,0.0437,0.599,0.535,0.0291,0.0785,0.0465,0.121
Chica Ideal,4Srvy4oRCMF9YhkEPfZMXi,51,5/5/15,miss,261.30667,5,0.554,-4.305,1,0.455,118.063,0.892,4,1,0.0647,0.734,0.821,0,0.278,0.0493,0.613
Everlasting Love,5FTmUdgqcDTukNT8euZA8r,47,30/1/15,miss,184.50667,9,0.679,-4.678,0,0.571,94.886,0.111,4,1,0.126,0.574,0.653,4.49E-06,0.0607,0.129,0.726
Quien Contra Mi,5kLO5ePYVIJSs4gCyoA6JS,49,17/3/15,miss,197.42299,6,0.437,-3.097,1,0.465,89.989,0.528,4,0.99,0.211,0.854,0.762,0,0.0834,0.204,0.326
Windows,6eXfVpYZW6v0VhUaNAh3K9,42,17/3/15,miss,217.2058,2,0.476,-4.808,0,0.606,153.964,0.166,4,0.917,0.412,0.544,0.7,0.812,0.0881,0.0499,0.372
Fat Camp (feat. Kevin Pouya),4DLtFH4BB0PuFEDZpYsHYD,41,4/11/15,miss,216.05878,1,0.594,-5.739,0,0.567,130.061,0.696,4,1,0.0149,0.852,0.646,0,0.256,0.163,0.19
"Winter Wonderland / Here Comes Santa Claus - From ""Pitch Perfect 2"" Soundtrack",1wMGXSIK48572zgL6RX8kF,43,12/5/15,miss,184.30667,7,0.611,-8.628,1,0.63,135.015,0.313,4,0.921,0.0561,0.724,0.73,0.0749,0.347,0.11,0.559
Sugar,78Yxsdi1JiwLDsU7TWHezw,44,15/5/15,miss,235.50667,1,0.426,-7.095,1,0.613,120.035,0.742,4,1,0.0521,0.748,0.767,0,0.0859,0.0333,0.9
Ready to Go,0WKWNt4Bjgu0KZDvt1HiUZ,41,14/4/15,miss,185.54667,11,0.655,-7.209,1,0.63,184.803,0.137,3,0.657,0.742,0.334,0.546,0.0413,0.167,0.0642,0.582
Kusanagi,1btJNBbN2RlGrLgNRIfNPL,41,18/9/15,miss,208,0,0.527,-8.307,1,0.636,74.975,0.181,4,1,0.484,0.408,0.327,0.429,0.164,0.0301,0.0403
Bonito Y Bello,48P3T4d0O37SHyngfZJRkl,42,7/4/15,miss,167.78667,3,0.346,-2.824,1,0.648,114.907,0.806,4,0.873,0.564,0.733,0.783,0,0.13,0.0282,0.926